<?xml version="1.0"?>
<odoo>
    <data>
        <record model="res.groups" id="group_system_sale_sequence_number">
            <field name="name">Allow to edit Sale Sequence Number</field>
        </record>

        <record model="res.groups" id="group_system_purchase_sequence_number">
            <field name="name">Allow to edit Purchase Sequence Number</field>
        </record>

        <record model="res.groups" id="group_system_invoice_sequence_number">
            <field name="name">Allow to edit Invoice Sequence Number</field>
        </record>

        <record model="res.groups" id="group_system_stock_sequence_number">
            <field name="name">Allow to edit Inventory Sequence Number</field>
        </record>
    </data>
</odoo>