<?xml version="1.0" encoding="utf-8"?>
<odoo>
    
    <record id="group_show_nested_subprojects" model="res.groups">
        <field name="name">Show Nested Subprojects</field>
        <field name="category_id" ref="base.module_category_hidden"/>
    </record>
    
    <record id="group_show_all_tasks" model="res.groups">
        <field name="name">Show All Tasks (child of child)</field>
        <field name="category_id" ref="base.module_category_hidden"/>
    </record>
    
    <record id="group_manage_project_deadline" model="res.groups">
        <field name="name">Manage Project Deadline</field>
        <field name="category_id" ref="base.module_category_hidden"/>
    </record>
    
    <record id="group_manage_project_timesheet" model="res.groups">
        <field name="name">Manage Record Sub-Project Timesheet hours</field>
        <field name="category_id" ref="base.module_category_hidden"/>
    </record>
    
</odoo>
